{"cameraMode":{"drawMode":0,"name":"Shaded","section":"Shading Mode"},"sceneLighting":false,"audioPlay":false,"sceneViewState":{"showFog":true,"showMaterialUpdate":true,"showSkybox":false,"showFlares":true,"showImageEffects":true,"showParticleSystems":true},"in2DMode":false,"pivot":{"x":-0.3677137494087219,"y":-0.1437525749206543,"z":0.4997599124908447},"rotation":{"x":-0.12892334163188935,"y":0.210442453622818,"z":-0.028004413470625879,"w":-0.9686965942382813},"size":1.4943431615829468,"orthographic":false}